{
	"id": 1,
	"total": 5,
	"result": [
		{
			"id": 1,
			"picture": "img/news-1.jpg",
			"title": "Lorem ipsum dolor sit amet",
			"body": "Lorem ipsum dolor sit amet, consectetur adipisicing elit, sed do eiusmod tempor incididunt ut labore et dolore magna aliqua. Ut enim ad minim veniam, quis nostrud exercitation ullamco laboris nisi ut aliquip ex ea commodo consequat. Duis aute irure dolor in reprehenderit in voluptate velit esse cillum dolore eu fugiat nulla pariatur. Excepteur sint occaecat cupidatat non proident, sunt in culpa qui officia deserunt mollit anim id est laborum.Duis aute irure dolor eu fugiat nulla pariatur.",
			"tags": ["Tag1", "Tag2", "Tag3"]
		}, {
			"id": 2,
			"picture": "img/news-2.jpg",
			"title": "Duis aute irure dolor",
			"body": "Lorem ipsum dolor sit amet, consectetur adipisicing elit, sed do eiusmod tempor incididunt ut labore et dolore magna aliqua. Ut enim ad minim veniam, quis nostrud exercitation ullamco laboris nisi ut aliquip ex ea commodo consequat. Duis aute irure dolor in reprehenderit in voluptate velit esse cillum dolore eu fugiat nulla pariatur. Excepteur sint occaecat cupidatat non proident, sunt in culpa qui officia deserunt mollit anim id est laborum.Duis aute irure dolor eu fugiat nulla pariatur.",
			"tags": ["Tag4", "Tag5", "Tag6", "Tag7"]
		}, {
			"id": 3,
			"picture": "img/news-3.jpg",
			"title": "Dolor nibh ad quis vel",
			"body": "Lorem ipsum dolor sit amet, consectetur adipisicing elit, sed do eiusmod tempor incididunt ut labore et dolore magna aliqua. Ut enim ad minim veniam, quis nostrud exercitation ullamco laboris nisi ut aliquip ex ea commodo consequat. Duis aute irure dolor in reprehenderit in voluptate velit esse cillum dolore eu fugiat nulla pariatur. Excepteur sint occaecat cupidatat non proident, sunt in culpa qui officia deserunt mollit anim id est laborum.Duis aute irure dolor eu fugiat nulla pariatur.",
			"tags": ["Tag1", "Tag2", "Tag3"]
		}, {
			"id": 4,
			"picture": "img/news-4.jpg",
			"title": "Excepteur sint occaecat cupidatat non proident",
			"body": "Lorem ipsum dolor sit amet, consectetur adipisicing elit, sed do eiusmod tempor incididunt ut labore et dolore magna aliqua. Ut enim ad minim veniam, quis nostrud exercitation ullamco laboris nisi ut aliquip ex ea commodo consequat. Duis aute irure dolor in reprehenderit in voluptate velit esse cillum dolore eu fugiat nulla pariatur. Excepteur sint occaecat cupidatat non proident, sunt in culpa qui officia deserunt mollit anim id est laborum.Duis aute irure dolor eu fugiat nulla pariatur.",
			"tags": ["Tag4", "Tag5", "Tag6", "Tag7"]
		}, {
			"id": 5,
			"picture": "img/news-5.jpg",
			"title": "Dignissim ut commodo wisi",
			"body": "Lorem ipsum dolor sit amet, consectetur adipisicing elit, sed do eiusmod tempor incididunt ut labore et dolore magna aliqua. Ut enim ad minim veniam, quis nostrud exercitation ullamco laboris nisi ut aliquip ex ea commodo consequat. Duis aute irure dolor in reprehenderit in voluptate velit esse cillum dolore eu fugiat nulla pariatur. Excepteur sint occaecat cupidatat non proident, sunt in culpa qui officia deserunt mollit anim id est laborum.Duis aute irure dolor eu fugiat nulla pariatur.",
			"tags": ["Tag8", "Tag9", "Tag10"]
		}
	]
}