{
	"id": 1,
	"total": 6,
	"result": [
		{
			"id": 1,
			"thumb": "img/product-1-thumb.jpg",
			"title": "First Product",
			"body": "Lorem ipsum dolor sit amet, consectetur adipisicing elit, sed do eiusmod tempor incididunt ut labore et dolore magna aliqua. Ut enim ad minim veniam, quis nostrud exercitation ullamco laboris nisi ut aliquip ex ea commodo consequat. Duis aute irure dolor in reprehenderit in voluptate velit esse cillum dolore eu fugiat nulla pariatur. Excepteur sint occaecat cupidatat non proident, sunt in culpa qui officia deserunt mollit anim id est laborum.Duis aute irure dolor eu fugiat nulla pariatur. Lorem ipsum dolor sit amet, consectetur adipisicing elit, sed do eiusmod tempor incididunt.",
			"tags": ["Tag1", "Tag2"],
			"pictures": [
				"img/products-1-1.jpg", 
				"img/products-1-2.jpg", 
				"img/products-1-3.jpg",
				"img/products-1-4.jpg",
				"img/products-1-5.jpg",
				"img/products-1-6.jpg"
			]
		}, {
			"id": 2,
			"thumb": "img/product-2-thumb.jpg",
			"title": "Second Product",
			"body": "Lorem ipsum dolor sit amet, consectetur adipisicing elit, sed do eiusmod tempor incididunt ut labore et dolore magna aliqua. Ut enim ad minim veniam, quis nostrud exercitation ullamco laboris nisi ut aliquip ex ea commodo consequat. Duis aute irure dolor in reprehenderit in voluptate velit esse cillum dolore eu fugiat nulla pariatur. Excepteur sint occaecat cupidatat non proident, sunt in culpa qui officia deserunt mollit anim id est laborum.Duis aute irure dolor eu fugiat nulla pariatur. Lorem ipsum dolor sit amet, consectetur adipisicing elit, sed do eiusmod tempor incididunt.",
			"tags": ["Tag3", "Tag4"],
			"pictures": [
				"img/products-1-2.jpg",
				"img/products-1-1.jpg",  
				"img/products-1-3.jpg",
				"img/products-1-4.jpg",
				"img/products-1-5.jpg",
				"img/products-1-6.jpg"
			]
		}, {
			"id": 3,
			"thumb": "img/product-3-thumb.jpg",
			"title": "Third Product",
			"body": "Lorem ipsum dolor sit amet, consectetur adipisicing elit, sed do eiusmod tempor incididunt ut labore et dolore magna aliqua. Ut enim ad minim veniam, quis nostrud exercitation ullamco laboris nisi ut aliquip ex ea commodo consequat. Duis aute irure dolor in reprehenderit in voluptate velit esse cillum dolore eu fugiat nulla pariatur. Excepteur sint occaecat cupidatat non proident, sunt in culpa qui officia deserunt mollit anim id est laborum.Duis aute irure dolor eu fugiat nulla pariatur. Lorem ipsum dolor sit amet, consectetur adipisicing elit, sed do eiusmod tempor incididunt.",
			"tags": ["Tag5"],
			"pictures": [
				"img/products-1-3.jpg",
				"img/products-1-1.jpg", 
				"img/products-1-2.jpg", 
				"img/products-1-4.jpg",
				"img/products-1-5.jpg",
				"img/products-1-6.jpg"
			]
		}, {
			"id": 4,
			"thumb": "img/product-4-thumb.jpg",
			"title": "Fourth Product",
			"body": "Lorem ipsum dolor sit amet, consectetur adipisicing elit, sed do eiusmod tempor incididunt ut labore et dolore magna aliqua. Ut enim ad minim veniam, quis nostrud exercitation ullamco laboris nisi ut aliquip ex ea commodo consequat. Duis aute irure dolor in reprehenderit in voluptate velit esse cillum dolore eu fugiat nulla pariatur. Excepteur sint occaecat cupidatat non proident, sunt in culpa qui officia deserunt mollit anim id est laborum.Duis aute irure dolor eu fugiat nulla pariatur. Lorem ipsum dolor sit amet, consectetur adipisicing elit, sed do eiusmod tempor incididunt.",
			"tags": ["Tag6", "Tag7"],
			"pictures": [
				"img/products-1-4.jpg",
				"img/products-1-1.jpg", 
				"img/products-1-2.jpg", 
				"img/products-1-3.jpg",
				"img/products-1-5.jpg",
				"img/products-1-6.jpg"
			]
		}, {
			"id": 5,
			"thumb": "img/product-5-thumb.jpg",
			"title": "Fifth Product",
			"body": "Lorem ipsum dolor sit amet, consectetur adipisicing elit, sed do eiusmod tempor incididunt ut labore et dolore magna aliqua. Ut enim ad minim veniam, quis nostrud exercitation ullamco laboris nisi ut aliquip ex ea commodo consequat. Duis aute irure dolor in reprehenderit in voluptate velit esse cillum dolore eu fugiat nulla pariatur. Excepteur sint occaecat cupidatat non proident, sunt in culpa qui officia deserunt mollit anim id est laborum.Duis aute irure dolor eu fugiat nulla pariatur. Lorem ipsum dolor sit amet, consectetur adipisicing elit, sed do eiusmod tempor incididunt.",
			"tags": ["Tag8", "Tag9"],
			"pictures": [
				"img/products-1-5.jpg",
				"img/products-1-1.jpg", 
				"img/products-1-2.jpg", 
				"img/products-1-3.jpg",
				"img/products-1-4.jpg",
				"img/products-1-6.jpg"
			]
		}, {
			"id": 6,
			"thumb": "img/product-6-thumb.jpg",
			"title": "Sixth Product",
			"body": "Lorem ipsum dolor sit amet, consectetur adipisicing elit, sed do eiusmod tempor incididunt ut labore et dolore magna aliqua. Ut enim ad minim veniam, quis nostrud exercitation ullamco laboris nisi ut aliquip ex ea commodo consequat. Duis aute irure dolor in reprehenderit in voluptate velit esse cillum dolore eu fugiat nulla pariatur. Excepteur sint occaecat cupidatat non proident, sunt in culpa qui officia deserunt mollit anim id est laborum.Duis aute irure dolor eu fugiat nulla pariatur. Lorem ipsum dolor sit amet, consectetur adipisicing elit, sed do eiusmod tempor incididunt.",
			"tags": ["Tag10"],
			"pictures": [
				"img/products-1-6.jpg",
				"img/products-1-1.jpg", 
				"img/products-1-2.jpg", 
				"img/products-1-3.jpg",
				"img/products-1-4.jpg",
				"img/products-1-5.jpg"
			]
		}
	]
}